/*
---------------------------------------------------------------------------------
Title       : RSA-Cities.sql
Author      : Mogaki Mogaki: mogaki@outlook.com
Created     : 2025-06-27
Description : 
  This SQL script creates a normalized relational schema for storing geographic 
  address data for South Africa, It includes:

    - A schema named `address`
    - A `country` table with ISO 3166-1 alpha-3 codes
    - A `region` table for provinces - only South African Provices are populated.
    - A `city` table for towns and cities - only Majour south african cities included. 

  The dataset focuses on South Africa with comprehensive inserts for all provinces, 
  districts, and major cities/towns.

Usage       :
  Execute in an SQL Server (T-SQL) environment. Schema and tables will be created, 
  and pre-populated with relevant data.

---------------------------------------------------------------------------------
*/
-- ====================
-- 1. Create SCHEMA
-- ====================
-- Logical grouping of all address-related tables under the "address" schema
CREATE SCHEMA address;
GO

-- ====================
-- 2. COUNTRY TABLE
-- ====================
-- Stores ISO 3166-1 alpha-3 country codes and names.
-- Used as the top-level reference for regions and cities.

CREATE TABLE address.country (
    CountryID CHAR(3) PRIMARY KEY,           -- ISO 3166-1 alpha-3 country code (e.g., 'ZAF' for South Africa)
    CountryName NVARCHAR(100) NOT NULL       -- Full country name
);

-- Insert sample country records
INSERT INTO address.country (CountryID, CountryName) VALUES
('AFG', 'Afghanistan'),
('ALA', 'Åland Islands'),
('ALB', 'Albania'),
('DZA', 'Algeria'),
('ASM', 'American Samoa'),
('AND', 'Andorra'),
('AGO', 'Angola'),
('AIA', 'Anguilla'),
('ATA', 'Antarctica'),
('ATG', 'Antigua and Barbuda'),
('ARG', 'Argentina'),
('ARM', 'Armenia'),
('ABW', 'Aruba'),
('AUS', 'Australia'),
('AUT', 'Austria'),
('AZE', 'Azerbaijan'),
('BHS', 'Bahamas'),
('BHR', 'Bahrain'),
('BGD', 'Bangladesh'),
('BRB', 'Barbados'),
('BLR', 'Belarus'),
('BEL', 'Belgium'),
('BLZ', 'Belize'),
('BEN', 'Benin'),
('BMU', 'Bermuda'),
('BTN', 'Bhutan'),
('BOL', 'Bolivia (Plurinational State of)'),
('BES', 'Bonaire, Sint Eustatius and Saba'),
('BIH', 'Bosnia and Herzegovina'),
('BWA', 'Botswana'),
('BVT', 'Bouvet Island'),
('BRA', 'Brazil'),
('IOT', 'British Indian Ocean Territory'),
('BRN', 'Brunei Darussalam'),
('BGR', 'Bulgaria'),
('BFA', 'Burkina Faso'),
('BDI', 'Burundi'),
('CPV', 'Cabo Verde'),
('KHM', 'Cambodia'),
('CMR', 'Cameroon'),
('CAN', 'Canada'),
('CYM', 'Cayman Islands'),
('CAF', 'Central African Republic'),
('TCD', 'Chad'),
('CHL', 'Chile'),
('CHN', 'China'),
('CXR', 'Christmas Island'),
('CCK', 'Cocos (Keeling) Islands'),
('COL', 'Colombia'),
('COM', 'Comoros'),
('COG', 'Congo'),
('COD', 'Congo, Democratic Republic of the'),
('COK', 'Cook Islands'),
('CRI', 'Costa Rica'),
('HRV', 'Croatia'),
('CUB', 'Cuba'),
('CUW', 'Curaçao'),
('CYP', 'Cyprus'),
('CZE', 'Czechia'),
('CIV', 'Côte d''Ivoire'),
('DNK', 'Denmark'),
('DJI', 'Djibouti'),
('DMA', 'Dominica'),
('DOM', 'Dominican Republic'),
('ECU', 'Ecuador'),
('EGY', 'Egypt'),
('SLV', 'El Salvador'),
('GNQ', 'Equatorial Guinea'),
('ERI', 'Eritrea'),
('EST', 'Estonia'),
('SWZ', 'Eswatini'),
('ETH', 'Ethiopia'),
('FLK', 'Falkland Islands (Malvinas)'),
('FRO', 'Faroe Islands'),
('FJI', 'Fiji'),
('FIN', 'Finland'),
('FRA', 'France'),
('GUF', 'French Guiana'),
('PYF', 'French Polynesia'),
('ATF', 'French Southern Territories'),
('GAB', 'Gabon'),
('GMB', 'Gambia'),
('GEO', 'Georgia'),
('DEU', 'Germany'),
('GHA', 'Ghana'),
('GIB', 'Gibraltar'),
('GRC', 'Greece'),
('GRL', 'Greenland'),
('GRD', 'Grenada'),
('GLP', 'Guadeloupe'),
('GUM', 'Guam'),
('GTM', 'Guatemala'),
('GGY', 'Guernsey'),
('GIN', 'Guinea'),
('GNB', 'Guinea-Bissau'),
('GUY', 'Guyana'),
('HTI', 'Haiti'),
('HMD', 'Heard Island and McDonald Islands'),
('VAT', 'Holy See'),
('HND', 'Honduras'),
('HKG', 'Hong Kong'),
('HUN', 'Hungary'),
('ISL', 'Iceland'),
('IND', 'India'),
('IDN', 'Indonesia'),
('IRN', 'Iran (Islamic Republic of)'),
('IRQ', 'Iraq'),
('IRL', 'Ireland'),
('IMN', 'Isle of Man'),
('ISR', 'Israel'),
('ITA', 'Italy'),
('JAM', 'Jamaica'),
('JPN', 'Japan'),
('JEY', 'Jersey'),
('JOR', 'Jordan'),
('KAZ', 'Kazakhstan'),
('KEN', 'Kenya'),
('KIR', 'Kiribati'),
('PRK', 'Korea (Democratic People''s Republic of)'),
('KOR', 'Korea, Republic of'),
('KWT', 'Kuwait'),
('KGZ', 'Kyrgyzstan'),
('LAO', 'Lao People''s Democratic Republic'),
('LVA', 'Latvia'),
('LBN', 'Lebanon'),
('LSO', 'Lesotho'),
('LBR', 'Liberia'),
('LBY', 'Libya'),
('LIE', 'Liechtenstein'),
('LTU', 'Lithuania'),
('LUX', 'Luxembourg'),
('MAC', 'Macao'),
('MDG', 'Madagascar'),
('MWI', 'Malawi'),
('MYS', 'Malaysia'),
('MDV', 'Maldives'),
('MLI', 'Mali'),
('MLT', 'Malta'),
('MHL', 'Marshall Islands'),
('MTQ', 'Martinique'),
('MRT', 'Mauritania'),
('MUS', 'Mauritius'),
('MYT', 'Mayotte'),
('MEX', 'Mexico'),
('FSM', 'Micronesia (Federated States of)'),
('MDA', 'Moldova, Republic of'),
('MCO', 'Monaco'),
('MNG', 'Mongolia'),
('MNE', 'Montenegro'),
('MSR', 'Montserrat'),
('MAR', 'Morocco'),
('MOZ', 'Mozambique'),
('MMR', 'Myanmar'),
('NAM', 'Namibia'),
('NRU', 'Nauru'),
('NPL', 'Nepal'),
('NLD', 'Netherlands'),
('NCL', 'New Caledonia'),
('NZL', 'New Zealand'),
('NIC', 'Nicaragua'),
('NER', 'Niger'),
('NGA', 'Nigeria'),
('NOR', 'Norway'),
('OMN', 'Oman'),
('PAK', 'Pakistan'),
('PLW', 'Palau'),
('PSE', 'Palestine, State of'),
('PAN', 'Panama'),
('PNG', 'Papua New Guinea'),
('PRY', 'Paraguay'),
('PER', 'Peru'),
('PHL', 'Philippines'),
('PCN', 'Pitcairn'),
('POL', 'Poland'),
('PRT', 'Portugal'),
('PRI', 'Puerto Rico'),
('QAT', 'Qatar'),
('REU', 'Réunion'),
('ROU', 'Romania'),
('RUS', 'Russian Federation'),
('RWA', 'Rwanda'),
('BLM', 'Saint Barthélemy'),
('SHN', 'Saint Helena, Ascension and Tristan da Cunha'),
('KNA', 'Saint Kitts and Nevis'),
('LCA', 'Saint Lucia'),
('MAF', 'Saint Martin (French part)'),
('SPM', 'Saint Pierre and Miquelon'),
('VCT', 'Saint Vincent and the Grenadines'),
('WSM', 'Samoa'),
('SMR', 'San Marino'),
('STP', 'Sao Tome and Principe'),
('SAU', 'Saudi Arabia'),
('SEN', 'Senegal'),
('SRB', 'Serbia'),
('SYC', 'Seychelles'),
('SLE', 'Sierra Leone'),
('SGP', 'Singapore'),
('SXM', 'Sint Maarten (Dutch part)'),
('SVK', 'Slovakia'),
('SVN', 'Slovenia'),
('SLB', 'Solomon Islands'),
('SOM', 'Somalia'),
('ZAF', 'South Africa'),
('SGS', 'South Georgia and the South Sandwich Islands'),
('SSD', 'South Sudan'),
('LKA', 'Sri Lanka'),
('SDN', 'Sudan'),
('SUR', 'Suriname'),
('SJM', 'Svalbard and Jan Mayen'),
('SWE', 'Sweden'),
('CHE', 'Switzerland'),
('SYR', 'Syrian Arab Republic'),
('TWN', 'Taiwan, Province of China'),
('TJK', 'Tajikistan'),
('TZA', 'Tanzania, United Republic of'),
('THA', 'Thailand'),
('TLS', 'Timor-Leste'),
('TGO', 'Togo'),
('TKL', 'Tokelau'),
('TON', 'Tonga'),
('TTO', 'Trinidad and Tobago'),
('TUN', 'Tunisia'),
('TUR', 'Turkey'),
('TKM', 'Turkmenistan'),
('TCA', 'Turks and Caicos Islands'),
('TUV', 'Tuvalu'),
('UGA', 'Uganda'),
('UKR', 'Ukraine'),
('ARE', 'United Arab Emirates'),
('GBR', 'United Kingdom of Great Britain and Northern Ireland'),
('USA', 'United States of America'),
('URY', 'Uruguay'),
('UZB', 'Uzbekistan'),
('VUT', 'Vanuatu'),
('VEN', 'Venezuela (Bolivarian Republic of)'),
('VNM', 'Viet Nam'),
('WLF', 'Wallis and Futuna'),
('ESH', 'Western Sahara'),
('YEM', 'Yemen'),
('ZMB', 'Zambia'),
('ZWE', 'Zimbabwe');

-- ====================
-- 3. REGION TABLE
-- ====================
-- Represents provinces, states, or regions linked to a country.
-- RegionID is formed using the format 'CountryCode-RegionCode' (e.g., 'ZAF-GAU').

CREATE TABLE address.region (
    RegionID CHAR(7) PRIMARY KEY,             -- Composite format: CountryCode + '-' + Abbreviation (e.g., 'ZAF-GAU')
    RegionName NVARCHAR(100) NOT NULL,        -- Name of the region or province
    CountryID CHAR(3) NOT NULL,               -- FK to Country table
    FOREIGN KEY (CountryID) REFERENCES address.country(CountryID)
);

-- Insert South African provinces
INSERT INTO address.region (RegionID, RegionName, CountryID) VALUES
('ZAF-GAU', 'Gauteng', 'ZAF'),
('ZAF-WCP', 'Western Cape', 'ZAF'),
('ZAF-KZN', 'KwaZulu-Natal', 'ZAF'),
('ZAF-MPU', 'Mpumalanga', 'ZAF'),
('ZAF-LIM', 'Limpopo', 'ZAF'),
('ZAF-FST', 'Free State', 'ZAF'),
('ZAF-NWP', 'North West', 'ZAF'),
('ZAF-NCP', 'Northern Cape', 'ZAF'),
('ZAF-ECP', 'Eastern Cape', 'ZAF');

-- ====================
-- 4. CITY TABLE
-- ====================
-- Stores cities and links them to a region.
-- The CityID format is 'REGIONCODE-CITYCODE' (e.g., 'GAU-JHB').

CREATE TABLE address.city (
    CityID VARCHAR(16) PRIMARY KEY,                         -- e.g., 'GAU-JHB' for Johannesburg in Gauteng
    CityName NVARCHAR(100) NOT NULL,
    RegionID CHAR(7) NOT NULL,
    FOREIGN KEY (RegionID) REFERENCES address.region(RegionID),
    CONSTRAINT UQ_City_Per_Region UNIQUE (CityName, RegionID) -- Prevents duplicate city names per region
);

--Gauteng:
INSERT INTO address.city (CityID, CityName, RegionID) VALUES
('GAU-JOH', 'Johannesburg', 'ZAF-GAU'),
('GAU-SOW', 'Soweto', 'ZAF-GAU'),
('GAU-SAN', 'Sandton', 'ZAF-GAU'),
('GAU-RAN', 'Randburg', 'ZAF-GAU'),
('GAU-ROO', 'Roodepoort', 'ZAF-GAU'),
('GAU-MID', 'Midrand', 'ZAF-GAU'),
('GAU-LEN', 'Lenasia', 'ZAF-GAU'),
('GAU-ORA', 'Orange Farm', 'ZAF-GAU'),
('GAU-DIE', 'Diepsloot', 'ZAF-GAU'),
('GAU-ALE', 'Alexandra', 'ZAF-GAU'),
('GAU-ENN', 'Ennerdale', 'ZAF-GAU'),
('GAU-PRE', 'Pretoria', 'ZAF-GAU'),
('GAU-CEN', 'Centurion', 'ZAF-GAU'),
('GAU-SOS', 'Soshanguve', 'ZAF-GAU'),
('GAU-MAM', 'Mamelodi', 'ZAF-GAU'),
('GAU-ATT', 'Atteridgeville', 'ZAF-GAU'),
('GAU-HAM', 'Hammanskraal', 'ZAF-GAU'),
('GAU-GAR', 'Ga-Rankuwa', 'ZAF-GAU'),
('GAU-BRO', 'Bronkhorstspruit', 'ZAF-GAU'),
('GAU-CUL', 'Cullinan', 'ZAF-GAU'),
('GAU-RAY', 'Rayton', 'ZAF-GAU'),
('GAU-EKA', 'Ekangala', 'ZAF-GAU'),
('GAU-REF', 'Refilwe', 'ZAF-GAU'),
('GAU-GER', 'Germiston', 'ZAF-GAU'),
('GAU-KEM', 'Kempton Park', 'ZAF-GAU'),
('GAU-BEN', 'Benoni', 'ZAF-GAU'),
('GAU-BOK', 'Boksburg', 'ZAF-GAU'),
('GAU-SPR', 'Springs', 'ZAF-GAU'),
('GAU-BRA', 'Brakpan', 'ZAF-GAU'),
('GAU-ALB', 'Alberton', 'ZAF-GAU'),
('GAU-EDE', 'Edenvale', 'ZAF-GAU'),
('GAU-TEM', 'Tembisa', 'ZAF-GAU'),
('GAU-NIG', 'Nigel', 'ZAF-GAU'),
('GAU-DAV', 'Daveyton', 'ZAF-GAU'),
('GAU-KAT', 'Katlehong', 'ZAF-GAU'),
('GAU-VOS', 'Vosloorus', 'ZAF-GAU'),
('GAU-DUD', 'Duduza', 'ZAF-GAU'),
('GAU-TSA', 'Tsakane', 'ZAF-GAU'),
('GAU-KWA', 'Kwa-Thema', 'ZAF-GAU'),
('GAU-REI', 'Reiger Park', 'ZAF-GAU'),
('GAU-VER', 'Vereeniging', 'ZAF-GAU'),
('GAU-VAN', 'Vanderbijlpark', 'ZAF-GAU'),
('GAU-MEY', 'Meyerton', 'ZAF-GAU'),
('GAU-SEB', 'Sebokeng', 'ZAF-GAU'),
('GAU-EVA', 'Evaton', 'ZAF-GAU'),
('GAU-SHA', 'Sharpeville', 'ZAF-GAU'),
('GAU-HEI', 'Heidelberg', 'ZAF-GAU'),
('GAU-KRU', 'Krugersdorp', 'ZAF-GAU'),
('GAU-RFT', 'Randfontein', 'ZAF-GAU'),
('GAU-WES', 'Westonaria', 'ZAF-GAU'),
('GAU-CAR', 'Carletonville', 'ZAF-GAU'),
('GAU-KAG', 'Kagiso', 'ZAF-GAU'),
('GAU-MUL', 'Muldersdrift', 'ZAF-GAU'),
('GAU-FOC', 'Fochville', 'ZAF-GAU'),
('GAU-MAG', 'Magaliesburg', 'ZAF-GAU');

-- Western Cape: Cape Metropole
INSERT INTO address.city (CityID, CityName, RegionID) VALUES
('WCP-ATL', 'Atlantis', 'ZAF-WCP'),
('WCP-BEL', 'Bellville', 'ZAF-WCP'),
('WCP-BLO', 'Bloubergstrand', 'ZAF-WCP'),
('WCP-BLU', 'Blue Downs', 'ZAF-WCP'),
('WCP-BOT', 'Bothasig', 'ZAF-WCP'),
('WCP-BRA', 'Brackenfell', 'ZAF-WCP'),
('WCP-CAP', 'Cape Town', 'ZAF-WCP'),
('WCP-CRO', 'Crossroads', 'ZAF-WCP'),
('WCP-DEL', 'Delft', 'ZAF-WCP'),
('WCP-DUR', 'Durbanville', 'ZAF-WCP'),
('WCP-EER', 'Eerste River', 'ZAF-WCP'),
('WCP-ELS', 'Elsies River', 'ZAF-WCP'),
('WCP-FIS', 'Fish Hoek', 'ZAF-WCP'),
('WCP-GOO', 'Goodwood', 'ZAF-WCP'),
('WCP-GOR', 'Gordon’s Bay', 'ZAF-WCP'),
('WCP-GUG', 'Guguletu', 'ZAF-WCP'),
('WCP-HOU', 'Hout Bay', 'ZAF-WCP'),
('WCP-KHA', 'Khayelitsha', 'ZAF-WCP'),
('WCP-KRA', 'Kraaifontein', 'ZAF-WCP'),
('WCP-KUI', 'Kuils River', 'ZAF-WCP'),
('WCP-LAN', 'Langa', 'ZAF-WCP'),
('WCP-MAC', 'Macassar', 'ZAF-WCP'),
('WCP-MEL', 'Melkbosstrand', 'ZAF-WCP'),
('WCP-MFU', 'Mfuleni', 'ZAF-WCP'),
('WCP-MIL', 'Milnerton', 'ZAF-WCP'),
('WCP-MIT', 'Mitchell’s Plain', 'ZAF-WCP'),
('WCP-MUI', 'Muizenberg', 'ZAF-WCP'),
('WCP-NOO', 'Noordhoek', 'ZAF-WCP'),
('WCP-NYA', 'Nyanga', 'ZAF-WCP'),
('WCP-PAR', 'Parow', 'ZAF-WCP'),
('WCP-PHI', 'Philadelphia', 'ZAF-WCP'),
('WCP-SIM', 'Simon’s Town', 'ZAF-WCP'),
('WCP-SOM', 'Somerset West', 'ZAF-WCP'),
('WCP-STR', 'Strand', 'ZAF-WCP');

-- Western Cape:West Coast District
INSERT INTO address.city (CityID, CityName, RegionID) VALUES
('WCP-AUR', 'Aurora', 'ZAF-WCP'),
('WCP-BIT', 'Bitterfontein', 'ZAF-WCP'),
('WCP-CHA', 'Chatsworth', 'ZAF-WCP'),
('WCP-CIT', 'Citrusdal', 'ZAF-WCP'),
('WCP-CLA', 'Clanwilliam', 'ZAF-WCP'),
('WCP-DAR', 'Darling', 'ZAF-WCP'),
('WCP-DOR', 'Doringbaai', 'ZAF-WCP'),
('WCP-DWA', 'Dwarskersbos', 'ZAF-WCP'),
('WCP-EBE', 'Ebenhaezer', 'ZAF-WCP'),
('WCP-EEN', 'Eendekuil', 'ZAF-WCP'),
('WCP-ELA', 'Elands Bay', 'ZAF-WCP'),
('WCP-GOE', 'Goedverwacht', 'ZAF-WCP'),
('WCP-GRA', 'Graafwater', 'ZAF-WCP'),
('WCP-GRO', 'Grotto Bay', 'ZAF-WCP'),
('WCP-HOP', 'Hopefield', 'ZAF-WCP'),
('WCP-JAC', 'Jacobsbaai', 'ZAF-WCP'),
('WCP-JAK', 'Jakkalsfontein', 'ZAF-WCP'),
('WCP-KAL', 'Kalbaskraal', 'ZAF-WCP'),
('WCP-KLA', 'Klawer', 'ZAF-WCP'),
('WCP-KOE', 'Koekenaap', 'ZAF-WCP'),
('WCP-KOR', 'Koringberg', 'ZAF-WCP'),
('WCP-LAM', 'Lamberts Bay', 'ZAF-WCP'),
('WCP-LAN1', 'Langebaan', 'ZAF-WCP'),
('WCP-LAN3', 'Langebaanweg', 'ZAF-WCP'),
('WCP-LUT', 'Lutzville', 'ZAF-WCP'),
('WCP-MAL', 'Malmesbury', 'ZAF-WCP'),
('WCP-MOO', 'Moorreesburg', 'ZAF-WCP'),
('WCP-PAT', 'Paternoster', 'ZAF-WCP'),
('WCP-PIK', 'Piketberg', 'ZAF-WCP'),
('WCP-POR', 'Porterville', 'ZAF-WCP'),
('WCP-RED', 'Redelinghuys', 'ZAF-WCP'),
('WCP-RIEB', 'Riebeek-Kasteel', 'ZAF-WCP'),
('WCP-RIE', 'Riebeek West', 'ZAF-WCP'),
('WCP-SAL', 'Saldanha', 'ZAF-WCP'),
('WCP-ST ', 'St Helena Bay', 'ZAF-WCP'),
('WCP-STR1', 'Strandfontein', 'ZAF-WCP'),
('WCP-VAN', 'Vanrhynsdorp', 'ZAF-WCP'),
('WCP-VEL', 'Velddrif', 'ZAF-WCP'),
('WCP-VRE1', 'Vredenburg', 'ZAF-WCP'),
('WCP-VRE', 'Vredendal', 'ZAF-WCP'),
('WCP-WUP', 'Wupperthal', 'ZAF-WCP'),
('WCP-YZE', 'Yzerfontein', 'ZAF-WCP');

-- Western Cape: Cape Winelands District  
INSERT INTO address.city (CityID, CityName, RegionID) VALUES
('WCP-ASH', 'Ashton', 'ZAF-WCP'),
('WCP-BON', 'Bonnievale', 'ZAF-WCP'),
('WCP-CER', 'Ceres', 'ZAF-WCP'),
('WCP-DE ', 'De Doorns', 'ZAF-WCP'),
('WCP-DE 2', 'De Hollandsche Molen', 'ZAF-WCP'),
('WCP-DEN', 'Denneburg', 'ZAF-WCP'),
('WCP-FRA', 'Franschhoek', 'ZAF-WCP'),
('WCP-GOU', 'Gouda', 'ZAF-WCP'),
('WCP-KAY', 'Kayamandi', 'ZAF-WCP'),
('WCP-KLAP', 'Klapmuts', 'ZAF-WCP'),
('WCP-KYL', 'Kylemore', 'ZAF-WCP'),
('WCP-LAN2', 'Languedoc', 'ZAF-WCP'),
('WCP-MCG', 'McGregor', 'ZAF-WCP'),
('WCP-MON', 'Montagu', 'ZAF-WCP'),
('WCP-PAA', 'Paarl', 'ZAF-WCP'),
('WCP-PNI', 'Pniel', 'ZAF-WCP'),
('WCP-PRI', 'Prince Alfred Hamlet', 'ZAF-WCP'),
('WCP-RAW', 'Rawsonville', 'ZAF-WCP'),
('WCP-ROB', 'Robertson', 'ZAF-WCP'),
('WCP-ROB2', 'Robertsvlei', 'ZAF-WCP'),
('WCP-ROZ', 'Rozendal', 'ZAF-WCP'),
('WCP-SAR', 'Saron', 'ZAF-WCP'),
('WCP-STE', 'Stellenbosch', 'ZAF-WCP'),
('WCP-TOU', 'Touws River', 'ZAF-WCP'),
('WCP-TUL', 'Tulbagh', 'ZAF-WCP'),
('WCP-WEL', 'Wellington', 'ZAF-WCP'),
('WCP-WEM', 'Wemmershoek', 'ZAF-WCP'),
('WCP-WOL', 'Wolseley', 'ZAF-WCP'),
('WCP-WOR', 'Worcester', 'ZAF-WCP');

-- Western Cape: Overberg District
INSERT INTO address.city (CityID, CityName, RegionID) VALUES
('WCP-ARN', 'Arniston', 'ZAF-WCP'),
('WCP-BAA', 'Baardskeerdersbos', 'ZAF-WCP'),
('WCP-BET', 'Betty’s Bay', 'ZAF-WCP'),
('WCP-BIR', 'Birkenhead', 'ZAF-WCP'),
('WCP-BOT1', 'Botrivier', 'ZAF-WCP'),
('WCP-BRE', 'Bredasdorp', 'ZAF-WCP'),
('WCP-CAL', 'Caledon', 'ZAF-WCP'),
('WCP-DEN1', 'Dennehof', 'ZAF-WCP'),
('WCP-DEKE',  'De Kelders', 'ZAF-WCP'),
('WCP-ELG', 'Elgin', 'ZAF-WCP'),
('WCP-ELI', 'Elim', 'ZAF-WCP'),
('WCP-FISH1', 'Fisherhaven', 'ZAF-WCP'),
('WCP-FRAN1', 'Franskraalstrand', 'ZAF-WCP'),
('WCP-GAN', 'Gansbaai', 'ZAF-WCP'),
('WCP-GEN', 'Genadendal', 'ZAF-WCP'),
('WCP-GRAB', 'Grabouw', 'ZAF-WCP'),
('WCP-GRE', 'Greyton', 'ZAF-WCP'),
('WCP-HAW', 'Hawston', 'ZAF-WCP'),
('WCP-HER', 'Hermanus', 'ZAF-WCP'),
('WCP-HOT', 'Hotagterklip', 'ZAF-WCP'),
('WCP-INF', 'Infanta', 'ZAF-WCP'),
('WCP-KLE', 'Kleinbaai', 'ZAF-WCP'),
('WCP-KLE2', 'Kleinmond', 'ZAF-WCP'),
('WCP-KLI', 'Klipdale', 'ZAF-WCP'),
('WCP-LA',  'L’Agulhas', 'ZAF-WCP'),
('WCP-NAP', 'Napier', 'ZAF-WCP'),
('WCP-ONR', 'Onrusrivier', 'ZAF-WCP'),
('WCP-PAP', 'Papiesvlei', 'ZAF-WCP'),
('WCP-PEA', 'Pearly Beach', 'ZAF-WCP'),
('WCP-PRING', 'Pringle Bay', 'ZAF-WCP'),
('WCP-RIV', 'Riviersonderend', 'ZAF-WCP'),
('WCP-ROO', 'Rooi Els', 'ZAF-WCP'),
('WCP-SAN', 'Sandbaai', 'ZAF-WCP'),
('WCP-SKI', 'Skipskop', 'ZAF-WCP'),
('WCP-STA', 'Stanford', 'ZAF-WCP'),
('WCP-STRU', 'Struisbaai', 'ZAF-WCP'),
('WCP-SUI', 'Suiderstrand', 'ZAF-WCP'),
('WCP-SUU', 'Suurbraak', 'ZAF-WCP'),
('WCP-SWE', 'Swellendam', 'ZAF-WCP'),
('WCP-UIL', 'Uilenkraalsmond', 'ZAF-WCP'),
('WCP-VAND', 'Van Dyksbaai', 'ZAF-WCP'),
('WCP-VER', 'Vermont', 'ZAF-WCP'),
('WCP-WOLV', 'Wolvengat', 'ZAF-WCP'),
('WCP-VIL', 'Villiersdorp', 'ZAF-WCP');

-- Western Cape: Klein Karoo District
INSERT INTO address.city (CityID, CityName, RegionID) VALUES
('WCP-BAR', 'Barrydale', 'ZAF-WCP'),
('WCP-CALI', 'Calitzdorp', 'ZAF-WCP'),
('WCP-DERU',  'De Rust', 'ZAF-WCP');

-- Western Cape: Garden Route District
INSERT INTO address.city (CityID, CityName, RegionID) VALUES
('WCP-AVO', 'Avontuur', 'ZAF-WCP'),
('WCP-ALB', 'Albertinia', 'ZAF-WCP'),
('WCP-AMA', 'Amaliënstein', 'ZAF-WCP'),
('WCP-BER', 'Bergplaas', 'ZAF-WCP'),
('WCP-BOG', 'Boggomsbaai', 'ZAF-WCP'),
('WCP-BRA3', 'Bracken Hill', 'ZAF-WCP'),
('WCP-BRA2', 'Brandwag', 'ZAF-WCP'),
('WCP-BRENT', 'Brenton-on-Sea', 'ZAF-WCP'),
('WCP-BUF', 'Buffelsbaai', 'ZAF-WCP'),
('WCP-DAN', 'Dana Bay', 'ZAF-WCP'),
('WCP-DEHO',  'De Hoop', 'ZAF-WCP'),
('WCP-DE3', 'De Vlugt', 'ZAF-WCP'),
('WCP-DYS', 'Dysselsdorp', 'ZAF-WCP'),
('WCP-FAR', 'Farleigh', 'ZAF-WCP'),
('WCP-FRI', 'Friemersheim', 'ZAF-WCP'),
('WCP-GEO', 'George', 'ZAF-WCP'),
('WCP-GLE', 'Glentana', 'ZAF-WCP'),
('WCP-GOURI', 'Gouritsmond', 'ZAF-WCP'),
('WCP-GREAT', 'Great Brak River', 'ZAF-WCP'),
('WCP-GROO1', 'Groot‑Jongensfontein', 'ZAF-WCP'),
('WCP-HAR', 'Harkerville', 'ZAF-WCP'),
('WCP-HAA', 'Haarlem', 'ZAF-WCP'),
('WCP-HAR2', 'Hartenbos', 'ZAF-WCP'),
('WCP-HEI', 'Heidelberg', 'ZAF-WCP'),
('WCP-HERB', 'Herbertsdale', 'ZAF-WCP'),
('WCP-HER2', 'Herold', 'ZAF-WCP'),
('WCP-HER3', 'Herolds Bay', 'ZAF-WCP'),
('WCP-HOE', 'Hoekwil', 'ZAF-WCP'),
('WCP-JON', 'Jonkersberg', 'ZAF-WCP'),
('WCP-KAR', 'Karatara', 'ZAF-WCP'),
('WCP-KEU', 'Keurboomsrivier', 'ZAF-WCP'),
('WCP-KEU2', 'Keurboomstrand', 'ZAF-WCP'),
('WCP-KNY', 'Knysna', 'ZAF-WCP'),
('WCP-KRANS1', 'Kranshoek', 'ZAF-WCP'),
('WCP-KUR', 'Kurland Estate', 'ZAF-WCP'),
('WCP-LADI', 'Ladismith', 'ZAF-WCP'),
('WCP-LIT', 'Little Brak River', 'ZAF-WCP'),
('WCP-MAT', 'Matjiesrivier', 'ZAF-WCP'),
('WCP-MOS', 'Mossel Bay', 'ZAF-WCP'),
('WCP-NAT', 'Nature’s Valley', 'ZAF-WCP'),
('WCP-NOE', 'Noetzie', 'ZAF-WCP'),
('WCP-OUD', 'Oudtshoorn', 'ZAF-WCP'),
('WCP-PAC', 'Pacaltsdorp', 'ZAF-WCP'),
('WCP-PLE', 'Plettenberg Bay', 'ZAF-WCP'),
('WCP-PORT', 'Port Beaufort', 'ZAF-WCP'),
('WCP-PUN', 'Puntjie', 'ZAF-WCP'),
('WCP-RHE', 'Rheenendal', 'ZAF-WCP'),
('WCP-RIVER', 'Riversdale', 'ZAF-WCP'),
('WCP-RUI', 'Ruiterbos', 'ZAF-WCP'),
('WCP-SCH', 'Schoemanshoek', 'ZAF-WCP'),
('WCP-SED', 'Sedgefield', 'ZAF-WCP'),
('WCP-SLA', 'Slangrivier', 'ZAF-WCP'),
('WCP-STI', 'Stilbaai', 'ZAF-WCP'),
('WCP-TOU1', 'Touwsranten', 'ZAF-WCP'),
('WCP-TWE', 'Twee Rivieren', 'ZAF-WCP'),
('WCP-UNI', 'Uniondale', 'ZAF-WCP'),
('WCP-VANW', 'Vanwyksdorp', 'ZAF-WCP'),
('WCP-VERM', 'Vermaaklikheid', 'ZAF-WCP'),
('WCP-VOL', 'Volmoed', 'ZAF-WCP'),
('WCP-VIC', 'Victoria Bay', 'ZAF-WCP'),
('WCP-VLE', 'Vleesbaai', 'ZAF-WCP'),
('WCP-WIL', 'Wilderness', 'ZAF-WCP'),
('WCP-WIT', 'Wittedrift', 'ZAF-WCP'),
('WCP-WIT2', 'Witsand', 'ZAF-WCP'),
('WCP-WOO', 'Woodville', 'ZAF-WCP'),
('WCP-ZOA', 'Zoar', 'ZAF-WCP');

-- Western Cape: Central Karoo District
INSERT INTO address.city (CityID, CityName, RegionID) VALUES
('WCP-BEA', 'Beaufort West', 'ZAF-WCP'),
('WCP-LAI', 'Laingsburg', 'ZAF-WCP'),
('WCP-LEE', 'Leeu‑Gamka', 'ZAF-WCP'),
('WCP-MATJ', 'Matjiesfontein', 'ZAF-WCP'),
('WCP-MER', 'Merweville', 'ZAF-WCP'),
('WCP-MUR', 'Murraysburg', 'ZAF-WCP'),
('WCP-NEL', 'Nelspoort', 'ZAF-WCP'),
('WCP-PRIN', 'Prince Albert', 'ZAF-WCP');

-- KwaZulu-Natal:  eThekwini (Durban Metro)
INSERT INTO address.city (CityID, CityName, RegionID) VALUES
('KZN-DUR', 'Durban', 'ZAF-KZN'),
('KZN-AMA', 'Amanzimtoti', 'ZAF-KZN'),
('KZN-PIN', 'Pinetown', 'ZAF-KZN'),
('KZN-PHO', 'Phoenix', 'ZAF-KZN'),
('KZN-CHA', 'Chatsworth', 'ZAF-KZN'),
('KZN-HIL', 'Hillcrest', 'ZAF-KZN'),
('KZN-KLO', 'Kloof', 'ZAF-KZN'),
('KZN-VER', 'Verulam', 'ZAF-KZN'),
('KZN-INA', 'Inanda', 'ZAF-KZN'),
('KZN-ISI', 'Isipingo', 'ZAF-KZN'),
('KZN-TON', 'Tongaat / oThongathi', 'ZAF-KZN'),
('KZN-UMD', 'Umdloti', 'ZAF-KZN'),
('KZN-UMH', 'Umhlanga', 'ZAF-KZN'),
('KZN-UMK', 'Umkomaas', 'ZAF-KZN'),
('KZN-UML', 'Umlazi', 'ZAF-KZN'),
('KZN-QUE', 'Queensburgh', 'ZAF-KZN'),
('KZN-BOT', 'Botha’s Hill', 'ZAF-KZN'),
('KZN-CLE', 'Clermont', 'ZAF-KZN'),
('KZN-CAT', 'Cato Ridge', 'ZAF-KZN'),
('KZN-GIL', 'Gillitts', 'ZAF-KZN'),
('KZN-WES', 'Westville', 'ZAF-KZN'),
('KZN-PRO', 'Prospecton', 'ZAF-KZN');

-- KwaZulu-Natal: uMgungundlovu (Pietermaritzburg District)
INSERT INTO address.city (CityID, CityName, RegionID) VALUES
('KZN-PIE', 'Pietermaritzburg', 'ZAF-KZN'),
('KZN-HOW', 'Howick', 'ZAF-KZN'),
('KZN-HIL1', 'Hilton', 'ZAF-KZN'),
('KZN-MOO', 'Mooi River', 'ZAF-KZN'),
('KZN-RIC', 'Richmond', 'ZAF-KZN'),
('KZN-MER', 'Merrivale', 'ZAF-KZN'),
('KZN-NEWHA', 'New Hanover', 'ZAF-KZN'),
('KZN-BAL', 'Balgowan', 'ZAF-KZN'),
('KZN-WAR', 'Wartburg', 'ZAF-KZN');

-- KwaZulu-Natal: Amajuba (Newcastle District)
INSERT INTO address.city (CityID, CityName, RegionID) VALUES
('KZN-NEW', 'Newcastle', 'ZAF-KZN'),
('KZN-DAN', 'Dannhauser', 'ZAF-KZN'),
('KZN-MAD', 'Madadeni', 'ZAF-KZN'),
('KZN-CHA2', 'Charlestown', 'ZAF-KZN'),
('KZN-HAT', 'Hattingspruit', 'ZAF-KZN'),
('KZN-MOU', 'Mountain View (Osizweni)', 'ZAF-KZN'),
('KZN-NGA', 'Ngagane', 'ZAF-KZN'),
('KZN-EMA', 'Emadlangeni', 'ZAF-KZN'),
('KZN-KIN', 'Kingsley', 'ZAF-KZN');

-- KwaZulu-Natal: uThukela (Ladysmith District)
INSERT INTO address.city (CityID, CityName, RegionID) VALUES
('KZN-LAD', 'Ladysmith', 'ZAF-KZN'),
('KZN-BER', 'Bergville', 'ZAF-KZN'),
('KZN-EST', 'Estcourt', 'ZAF-KZN'),
('KZN-COL', 'Colenso', 'ZAF-KZN'),
('KZN-ELA', 'Elandslaagte', 'ZAF-KZN');

-- KwaZulu-Natal: Umzinyathi (Dundee District)
INSERT INTO address.city (CityID, CityName, RegionID) VALUES
('KZN-DUN', 'Dundee', 'ZAF-KZN'),
('KZN-GRE', 'Greytown', 'ZAF-KZN'),
('KZN-GLE1', 'Glencoe', 'ZAF-KZN'),
('KZN-KRA', 'Kranskop', 'ZAF-KZN'),
('KZN-POM', 'Pomeroy', 'ZAF-KZN'),
('KZN-WAS', 'Wasbank', 'ZAF-KZN'),
('KZN-NQU', 'Nquthu', 'ZAF-KZN');

-- KwaZulu-Natal: Ugu (South Coast District)
INSERT INTO address.city (CityID, CityName, RegionID) VALUES
('KZN-POR', 'Port Shepstone', 'ZAF-KZN'),
('KZN-MAR', 'Margate', 'ZAF-KZN'),
('KZN-SCO', 'Scottburgh', 'ZAF-KZN'),
('KZN-RAM', 'Ramsgate', 'ZAF-KZN'),
('KZN-SHE', 'Shelly Beach', 'ZAF-KZN'),
('KZN-UMZ', 'Umzinto', 'ZAF-KZN'),
('KZN-HAR', 'Harding', 'ZAF-KZN'),
('KZN-IFA', 'Ifafa Beach', 'ZAF-KZN'),
('KZN-HIB', 'Hibberdene', 'ZAF-KZN'),
('KZN-POR2', 'Port Edward', 'ZAF-KZN'),
('KZN-GLE', 'Glenmore', 'ZAF-KZN');

-- KwaZulu-Natal: iLembe (KwaDukuza District)
INSERT INTO address.city (CityID, CityName, RegionID) VALUES
('KZN-KWA', 'KwaDukuza (Stanger)', 'ZAF-KZN'),
('KZN-BALLI', 'Ballito', 'ZAF-KZN'),
('KZN-MAN', 'Mandeni', 'ZAF-KZN'),
('KZN-SHA', 'Shakaskraal', 'ZAF-KZN'),
('KZN-MAP', 'Maphumulo', 'ZAF-KZN'),
('KZN-UMH1', 'Umhlali', 'ZAF-KZN'),
('KZN-SAL', 'Salt Rock', 'ZAF-KZN');

-- KwaZulu-Natal: southern and far northern KwaZulu-Natal towns
INSERT INTO address.city (CityID, CityName, RegionID) VALUES
('KZN-KOK', 'Kokstad', 'ZAF-KZN'),
('KZN-IXO', 'Ixopo (Stuartstown)', 'ZAF-KZN'),
('KZN-HIM', 'Himeville', 'ZAF-KZN'),
('KZN-BUL', 'Bulwer', 'ZAF-KZN'),
('KZN-FRA', 'Franklin', 'ZAF-KZN'),
('KZN-UND', 'Underberg', 'ZAF-KZN'),
('KZN-UMK1', 'uMkhanyakude (Mkuze District)', 'ZAF-KZN'),
('KZN-MKU', 'Mkuze', 'ZAF-KZN'),
('KZN-MBA', 'Mbazwana', 'ZAF-KZN'),
('KZN-JOZ', 'Jozini', 'ZAF-KZN'),
('KZN-MTU', 'Mtubatuba', 'ZAF-KZN'),
('KZN-HLU', 'Hluhluwe', 'ZAF-KZN'),
('KZN-ING', 'Ingwavuma', 'ZAF-KZN'),
('KZN-KOS', 'Kosi Bay town (Manguzi)', 'ZAF-KZN');

-- KwaZulu-Natal: Zululand and King Cetshwayo districts
INSERT INTO address.city (CityID, CityName, RegionID) VALUES
('KZN-ULU', 'Ulundi', 'ZAF-KZN'),
('KZN-NON', 'Nongoma', 'ZAF-KZN'),
('KZN-PON', 'Pongola', 'ZAF-KZN'),
('KZN-PAU', 'Paulpietersburg', 'ZAF-KZN'),
('KZN-LOU', 'Louwsburg', 'ZAF-KZN'),
('KZN-BAB', 'Babanango', 'ZAF-KZN'),
('KZN-MAH', 'Mahlabatini', 'ZAF-KZN'),
('KZN-KINGCE', 'King Cetshwayo (Richards Bay District)', 'ZAF-KZN'),
('KZN-RICHB', 'Richards Bay', 'ZAF-KZN'),
('KZN-NKA', 'Nkandla', 'ZAF-KZN'),
('KZN-ESH', 'Eshowe', 'ZAF-KZN'),
('KZN-MBAMB1', 'Mbambeni area (e.g., Mbonambi, uMlalazi localities)', 'ZAF-KZN');

-- Mpumalanga:
INSERT INTO address.city (CityID, CityName, RegionID) VALUES
('MPU-AAN', 'Aankoms', 'ZAF-MPU'),
('MPU-ACO', 'Acornhoek', 'ZAF-MPU'),
('MPU-AME', 'Amersfoort', 'ZAF-MPU'),
('MPU-AMS', 'Amsterdam (eMvelo)', 'ZAF-MPU'),
('MPU-ANY', 'Anysspruit', 'ZAF-MPU'),
('MPU-ARG', 'Argent', 'ZAF-MPU'),
('MPU-AVO', 'Avoca', 'ZAF-MPU'),
('MPU-AVO2', 'Avontuur', 'ZAF-MPU'),
('MPU-BAD', 'Badplaas (eManzana)', 'ZAF-MPU'),
('MPU-BAL', 'Balfour', 'ZAF-MPU'),
('MPU-BAL2', 'Balmoral', 'ZAF-MPU'),
('MPU-BAN', 'Bankkop', 'ZAF-MPU'),
('MPU-BAR', 'Barberton', 'ZAF-MPU'),
('MPU-BEL', 'Belfast', 'ZAF-MPU'),
('MPU-BER', 'Berbice', 'ZAF-MPU'),
('MPU-BET', 'Bethal', 'ZAF-MPU'),
('MPU-BET2', 'Bettiesdam', 'ZAF-MPU'),
('MPU-BRA', 'Branddraai', 'ZAF-MPU'),
('MPU-BRA2', 'Braunschweig', 'ZAF-MPU'),
('MPU-BRE', 'Breyten', 'ZAF-MPU'),
('MPU-BRO', 'Brondal', 'ZAF-MPU'),
('MPU-BUS', 'Bushbuckridge', 'ZAF-MPU'),
('MPU-CAR', 'Carolina', 'ZAF-MPU'),
('MPU-CHR', 'Chrissiesmeer', 'ZAF-MPU'),
('MPU-DAV', 'Davel', 'ZAF-MPU'),
('MPU-DEL', 'Delmas', 'ZAF-MPU'),
('MPU-DIE', 'Diepdale', 'ZAF-MPU'),
('MPU-DIE2', 'Diepgezet', 'ZAF-MPU'),
('MPU-DUL', 'Dullstroom', 'ZAF-MPU'),
('MPU-DUN', 'Dundonald', 'ZAF-MPU'),
('MPU-EER', 'Eerstehoek', 'ZAF-MPU'),
('MPU-EKU', 'Ekulindeni', 'ZAF-MPU'),
('MPU-ELU', 'Elukwatini', 'ZAF-MPU'),
('MPU-EMB', 'Embalenhle', 'ZAF-MPU'),
('MPU-EMB2', 'Embhuleni', 'ZAF-MPU'),
('MPU-EMP', 'Emphuluzi', 'ZAF-MPU'),
('MPU-ENK', 'Enkhaba', 'ZAF-MPU'),
('MPU-ERM', 'Ermelo', 'ZAF-MPU'),
('MPU-FER', 'Fernie', 'ZAF-MPU'),
('MPU-GLE', 'Glenmore', 'ZAF-MPU'),
('MPU-GRA', 'Graskop', 'ZAF-MPU'),
('MPU-GRE', 'Greylingstad', 'ZAF-MPU'),
('MPU-HAR', 'Hartebeeskop (Etjelembube)', 'ZAF-MPU'),
('MPU-HAZ', 'Hazyview', 'ZAF-MPU'),
('MPU-HEC', 'Hectorspruit (Emjejane)', 'ZAF-MPU'),
('MPU-KAA', 'Kaapmuiden', 'ZAF-MPU'),
('MPU-KIN', 'Kinross', 'ZAF-MPU'),
('MPU-KOM', 'Komatipoort', 'ZAF-MPU'),
('MPU-KWA', 'KwaMhlanga', 'ZAF-MPU'),
('MPU-KWA2', 'Kwaggafontein', 'ZAF-MPU'),
('MPU-LOC', 'Lochiel', 'ZAF-MPU'),
('MPU-LOO', 'Loopspruit', 'ZAF-MPU'),
('MPU-LYD', 'Lydenburg (Mashishing)', 'ZAF-MPU'),
('MPU-MAC', 'Machadodorp (eNtokozweni)', 'ZAF-MPU'),
('MPU-MAL', 'Malelane (Malalane)', 'ZAF-MPU'),
('MPU-MAR', 'Marble Hall', 'ZAF-MPU'),
('MPU-MAT', 'Matsulu', 'ZAF-MPU'),
('MPU-MBH', 'Mbhejeka', 'ZAF-MPU'),
('MPU-MID', 'Middelburg', 'ZAF-MPU'),
('MPU-MOD', 'Moddergat', 'ZAF-MPU'),
('MPU-MOO', 'Mooiplaas', 'ZAF-MPU'),
('MPU-MOR', 'Morgenzon', 'ZAF-MPU'),
('MPU-NEL', 'Nelspruit (Mbombela)', 'ZAF-MPU'),
('MPU-NGO', 'Ngodwana', 'ZAF-MPU'),
('MPU-OHR', 'Ohrigstad', 'ZAF-MPU'),
('MPU-PER', 'Perdekop', 'ZAF-MPU'),
('MPU-PIE', 'Piet Retief (eMkhondo)', 'ZAF-MPU'),
('MPU-PIL', 'Pilgrim’s Rest', 'ZAF-MPU'),
('MPU-SAB', 'Sabie', 'ZAF-MPU'),
('MPU-SEC', 'Secunda', 'ZAF-MPU'),
('MPU-SIY', 'Siyabuswa', 'ZAF-MPU'),
('MPU-SKU', 'Skukuza', 'ZAF-MPU'),
('MPU-STA', 'Standerton', 'ZAF-MPU'),
('MPU-TRI', 'Trichardt', 'ZAF-MPU'),
('MPU-VAA', 'Vaalbank', 'ZAF-MPU'),
('MPU-VOL', 'Volksrust', 'ZAF-MPU'),
('MPU-WAK', 'Wakkerstroom', 'ZAF-MPU'),
('MPU-WAT', 'Waterval Boven (Emgwenya)', 'ZAF-MPU'),
('MPU-WAT2', 'Waterval Onder', 'ZAF-MPU'),
('MPU-WHI', 'White River', 'ZAF-MPU'),
('MPU-WIT', 'Witbank (eMalahleni)', 'ZAF-MPU');

-- Limpopo:
INSERT INTO address.city (CityID, CityName, RegionID) VALUES
('LIM-PP', 'Polokwane (formerly Pietersburg)', 'ZAF-LIM'),
('LIM-M', 'Mokopane (Potgietersrus)', 'ZAF-LIM'),
('LIM-P', 'Phalaborwa (Ba‑Phalaborwa)', 'ZAF-LIM'),
('LIM-MUS', 'Musina (Messina)', 'ZAF-LIM'),
('LIM-L', 'Lebowakgomo', 'ZAF-LIM'),
('LIM-TYD', 'Thohoyandou', 'ZAF-LIM'),
('LIM-A', 'Alldays', 'ZAF-LIM'),
('LIM-ALM', 'Alma', 'ZAF-LIM'),
('LIM-AFG', 'Afguns', 'ZAF-LIM'),
('LIM-B', 'Bandelierkop', 'ZAF-LIM'),
('LIM-BEL', 'Bela‑Bela (Warmbaths)', 'ZAF-LIM'),
('LIM-BUR', 'Burgersfort', 'ZAF-LIM'),
('LIM-BOS', 'Bosbokrand', 'ZAF-LIM'),
('LIM-BUN', 'Bungeni', 'ZAF-LIM'),
('LIM-D', 'Dendron (Mogwadi)', 'ZAF-LIM'),
('LIM-DIP', 'Dipêrê', 'ZAF-LIM'),
('LIM-DUI', 'Duiwelskloof (Modjadjiskloof)', 'ZAF-LIM'),
('LIM-E', 'Ellisras (Lephalale)', 'ZAF-LIM'),
('LIM-ELL', 'Ellim', 'ZAF-LIM'),
('LIM-G', 'Gravelotte', 'ZAF-LIM'),
('LIM-H', 'Haenertsburg', 'ZAF-LIM'),
('LIM-HOE', 'Hoedspruit', 'ZAF-LIM'),
('LIM-K', 'Klaserie', 'ZAF-LIM'),
('LIM-LEP', 'Lephalale (Ellisras)', 'ZAF-LIM'),
('LIM-LEY', 'Leydsdorp', 'ZAF-LIM'),
('LIM-LET', 'Letsitele', 'ZAF-LIM'),
('LIM-LT', 'Louis Trichardt (Makhado)', 'ZAF-LIM'),
('LIM-MAN', 'Mankweng', 'ZAF-LIM'),
('LIM-MC', 'Mankweng Cluster villages', 'ZAF-LIM'),
('LIM-MAR', 'Maruleng area', 'ZAF-LIM'),
('LIM-MAS', 'Mashashane', 'ZAF-LIM'),
('LIM-MAL', 'Malamulele', 'ZAF-LIM'),
('LIM-MAR1', 'Marepallo', 'ZAF-LIM'),
('LIM-MAR2', 'Marapong', 'ZAF-LIM'),
('LIM-MH', 'Marble Hall', 'ZAF-LIM'),
('LIM-MOO', 'Mookgophong (Naboomspruit)', 'ZAF-LIM'),
('LIM-MOD', 'Modimolle (Nylstroom)', 'ZAF-LIM'),
('LIM-MOG', 'Mogwadi (Dendron)', 'ZAF-LIM'),
('LIM-MOD1', 'Modjadjiskloof', 'ZAF-LIM'),
('LIM-MOK', 'Mokopane', 'ZAF-LIM'),
('LIM-MOO1', 'Mookgophong', 'ZAF-LIM'),
('LIM-MOR', 'Moria', 'ZAF-LIM'),
('LIM-MAV', 'Mavhunga', 'ZAF-LIM'),
('LIM-MPH', 'Mphahlele', 'ZAF-LIM'),
('LIM-MUS1', 'Musina', 'ZAF-LIM'),
('LIM-N', 'Naboomspruit', 'ZAF-LIM'),
('LIM-NYL', 'Nylstroom', 'ZAF-LIM'),
('LIM-O', 'Ohrigstad', 'ZAF-LIM'),
('LIM-OFC', 'Ofcolaco', 'ZAF-LIM'),
('LIM-PHA', 'Phalaborwa', 'ZAF-LIM'),
('LIM-PIE', 'Pienaarsrivier', 'ZAF-LIM'),
('LIM-POT', 'Potgietersrus', 'ZAF-LIM'),
('LIM-POL', 'Polokwane', 'ZAF-LIM'),
('LIM-R', 'Raditshaba', 'ZAF-LIM'),
('LIM-REG', 'Regorogile', 'ZAF-LIM'),
('LIM-ROE', 'Roedtan', 'ZAF-LIM'),
('LIM-S', 'Seshego', 'ZAF-LIM'),
('LIM-SEN', 'Senwabarwana (Bochum)', 'ZAF-LIM'),
('LIM-SEK', 'Sekgopo', 'ZAF-LIM'),
('LIM-SET', 'Settlers', 'ZAF-LIM'),
('LIM-SKR', 'Skrikfontein', 'ZAF-LIM'),
('LIM-SOE', 'Soekmekaar', 'ZAF-LIM'),
('LIM-STE', 'Steenbokpan', 'ZAF-LIM'),
('LIM-SWA', 'Swartwater', 'ZAF-LIM'),
('LIM-THA', 'Thabazimbi', 'ZAF-LIM'),
('LIM-THU', 'Thulamethla villages', 'ZAF-LIM'),
('LIM-TSH', 'Tshipise', 'ZAF-LIM'),
('LIM-TZA', 'Tzaneen', 'ZAF-LIM'),
('LIM-V', 'Vaalwater', 'ZAF-LIM'),
('LIM-VIV', 'Vivo', 'ZAF-LIM'),
('LIM-Z', 'Zebediela', 'ZAF-LIM'),
('LIM-ZCM', 'Zion City Moria', 'ZAF-LIM');

-- Free State
INSERT INTO address.city (CityID, CityName, RegionID) VALUES
('FST-BFN', 'Bloemfontein', 'ZAF-FST'),
('FST-BOT', 'Botshabelo', 'ZAF-FST'),
('FST-SAS', 'Sasolburg', 'ZAF-FST'),
('FST-KRO', 'Kroonstad', 'ZAF-FST'),
('FST-PAR', 'Parys', 'ZAF-FST'),
('FST-DEN', 'Deneysville', 'ZAF-FST'),
('FST-HEI', 'Heilbron', 'ZAF-FST'),
('FST-KOP', 'Koppies', 'ZAF-FST'),
('FST-ORA', 'Oranjeville', 'ZAF-FST'),
('FST-THE', 'Theunissen', 'ZAF-FST'),
('FST-VIL', 'Viljoenskroon', 'ZAF-FST'),
('FST-VIL2', 'Villiers', 'ZAF-FST'),
('FST-VRE', 'Vredefort', 'ZAF-FST'),
('FST-BET', 'Bethlehem', 'ZAF-FST'),
('FST-HAR', 'Harrismith', 'ZAF-FST'),
('FST-PHU', 'Phuthaditjhaba', 'ZAF-FST'),
('FST-CLA', 'Clarens', 'ZAF-FST'),
('FST-CLO', 'Clocolan', 'ZAF-FST'),
('FST-FOU', 'Fouriesburg', 'ZAF-FST'),
('FST-EXC', 'Excelsior', 'ZAF-FST'),
('FST-HOB', 'Hobhouse', 'ZAF-FST'),
('FST-KES', 'Kestell', 'ZAF-FST'),
('FST-LAD', 'Ladybrand', 'ZAF-FST'),
('FST-LIN', 'Lindley', 'ZAF-FST'),
('FST-MAR', 'Marquard', 'ZAF-FST'),
('FST-MEM', 'Memel', 'ZAF-FST'),
('FST-PAU', 'Paul Roux', 'ZAF-FST'),
('FST-REI', 'Reitz', 'ZAF-FST'),
('FST-ROS', 'Rosendal', 'ZAF-FST'),
('FST-SEN', 'Senekal', 'ZAF-FST'),
('FST-STE', 'Steynsrus', 'ZAF-FST'),
('FST-SWI', 'Swinburne', 'ZAF-FST'),
('FST-TWE', 'Tweespruit', 'ZAF-FST'),
('FST-VRE2', 'Vrede', 'ZAF-FST'),
('FST-WAR', 'Warden', 'ZAF-FST'),
('FST-WEL', 'Welkom', 'ZAF-FST'),
('FST-ODE', 'Odendaalsrus', 'ZAF-FST'),
('FST-VIR', 'Virginia', 'ZAF-FST'),
('FST-ALL', 'Allanridge', 'ZAF-FST'),
('FST-BOS', 'Boshof', 'ZAF-FST'),
('FST-BOT2', 'Bothaville', 'ZAF-FST'),
('FST-BRA', 'Brandfort', 'ZAF-FST'),
('FST-BUL', 'Bultfontein', 'ZAF-FST'),
('FST-DEA', 'Dealesville', 'ZAF-FST'),
('FST-HEN', 'Hennenman', 'ZAF-FST'),
('FST-HER', 'Hertzogville', 'ZAF-FST'),
('FST-HOO', 'Hoopstad', 'ZAF-FST'),
('FST-VEN', 'Ventersburg', 'ZAF-FST'),
('FST-VER', 'Verkeerdevlei', 'ZAF-FST'),
('FST-WES', 'Wesselsbron', 'ZAF-FST'),
('FST-WIN', 'Winburg', 'ZAF-FST'),
('FST-BET2', 'Bethulie', 'ZAF-FST'),
('FST-DEW', 'Dewetsdorp', 'ZAF-FST'),
('FST-EDE', 'Edenburg', 'ZAF-FST'),
('FST-FAU', 'Fauresmith', 'ZAF-FST'),
('FST-JAC', 'Jacobsdal', 'ZAF-FST'),
('FST-JAG', 'Jagersfontein', 'ZAF-FST'),
('FST-KOF', 'Koffiefontein', 'ZAF-FST'),
('FST-LUC', 'Luckhoff', 'ZAF-FST'),
('FST-PET', 'Petrusburg', 'ZAF-FST'),
('FST-PHI', 'Philippolis', 'ZAF-FST'),
('FST-RED', 'Reddersburg', 'ZAF-FST'),
('FST-ROU', 'Rouxville', 'ZAF-FST'),
('FST-SMI', 'Smithfield', 'ZAF-FST'),
('FST-SPR', 'Springfontein', 'ZAF-FST'),
('FST-TRO', 'Trompsburg', 'ZAF-FST'),
('FST-VAN', 'Van Stadensrus', 'ZAF-FST'),
('FST-WEP', 'Wepener', 'ZAF-FST'),
('FST-ZAS', 'Zastron', 'ZAF-FST');

-- North West
INSERT INTO address.city (CityID, CityName, RegionID) VALUES
('NWP-AMA', 'Amalia', 'ZAF-NWP'),
('NWP-BRA', 'Bray', 'ZAF-NWP'),
('NWP-GAN', 'Ganyesa', 'ZAF-NWP'),
('NWP-MAR', 'Mareetsane', 'ZAF-NWP'),
('NWP-MOR', 'Morokweng', 'ZAF-NWP'),
('NWP-MOT', 'Motlhabeng', 'ZAF-NWP'),
('NWP-REI', 'Reivilo', 'ZAF-NWP'),
('NWP-SCH', 'Schweizer-Reneke', 'ZAF-NWP'),
('NWP-SET', 'Setlagole', 'ZAF-NWP'),
('NWP-STE', 'Stella', 'ZAF-NWP'),
('NWP-TAU', 'Taung', 'ZAF-NWP'),
('NWP-TOS', 'Tosca', 'ZAF-NWP'),
('NWP-VRY', 'Vryburg', 'ZAF-NWP'),
('NWP-BAB', 'Babelegi', 'ZAF-NWP'),
('NWP-BEE', 'Beestekraal', 'ZAF-NWP'),
('NWP-BRI', 'Brits', 'ZAF-NWP'),
('NWP-BRO', 'Broederstroom', 'ZAF-NWP'),
('NWP-DER', 'Derby', 'ZAF-NWP'),
('NWP-HAR', 'Hartbeespoort', 'ZAF-NWP'),
('NWP-HEK', 'Hekpoort', 'ZAF-NWP'),
('NWP-JER', 'Jericho', 'ZAF-NWP'),
('NWP-KOS', 'Kosmos', 'ZAF-NWP'),
('NWP-KOS2', 'Koster', 'ZAF-NWP'),
('NWP-KRO', 'Kroondal', 'ZAF-NWP'),
('NWP-LEG', 'Legogolwe', 'ZAF-NWP'),
('NWP-MAA', 'Maanhaarrand', 'ZAF-NWP'),
('NWP-MAN', 'Manamakgoteng', 'ZAF-NWP'),
('NWP-MMA', 'Mmakau', 'ZAF-NWP'),
('NWP-MOG', 'Mogwase', 'ZAF-NWP'),
('NWP-MOO', 'Mooinooi', 'ZAF-NWP'),
('NWP-MAT', 'Mathibestad', 'ZAF-NWP'),
('NWP-MON', 'Mononono', 'ZAF-NWP'),
('NWP-RAM', 'Ramokokastad', 'ZAF-NWP'),
('NWP-ROO', 'Rooikoppies', 'ZAF-NWP'),
('NWP-RUS', 'Rustenburg', 'ZAF-NWP'),
('NWP-SKE', 'Skeerpoort', 'ZAF-NWP'),
('NWP-SWA', 'Swartruggens', 'ZAF-NWP'),
('NWP-TSI', 'Tsitsing', 'ZAF-NWP'),
('NWP-BIE', 'Biesiesvlei', 'ZAF-NWP'),
('NWP-CHR', 'Christiana', 'ZAF-NWP'),
('NWP-COL', 'Coligny', 'ZAF-NWP'),
('NWP-DEL', 'Delareyville', 'ZAF-NWP'),
('NWP-GRT', 'Groot Marico', 'ZAF-NWP'),
('NWP-ITS', 'Itsoseng', 'ZAF-NWP'),
('NWP-LIC', 'Lichtenburg', 'ZAF-NWP'),
('NWP-MAF', 'Mahikeng', 'ZAF-NWP'),
('NWP-MMA2', 'Mmabatho', 'ZAF-NWP'),
('NWP-OTT', 'Ottosdal', 'ZAF-NWP'),
('NWP-OTO', 'Ottoshoop', 'ZAF-NWP'),
('NWP-SAN', 'Sannieshof', 'ZAF-NWP'),
('NWP-WEL', 'Welbedacht', 'ZAF-NWP'),
('NWP-ZEE', 'Zeerust', 'ZAF-NWP'),
('NWP-BLO', 'Bloemhof', 'ZAF-NWP'),
('NWP-HAR2', 'Hartbeesfontein', 'ZAF-NWP'),
('NWP-KLE', 'Klerksdorp', 'ZAF-NWP'),
('NWP-LEE', 'Leeudoringstad', 'ZAF-NWP'),
('NWP-MAK', 'Makwassie', 'ZAF-NWP'),
('NWP-ORK', 'Orkney', 'ZAF-NWP'),
('NWP-POT', 'Potchefstroom', 'ZAF-NWP'),
('NWP-STI', 'Stilfontein', 'ZAF-NWP'),
('NWP-VEN', 'Ventersdorp', 'ZAF-NWP'),
('NWP-WOL', 'Wolmaransstad', 'ZAF-NWP');

-- Northern Cape
INSERT INTO address.city (CityID, CityName, RegionID) VALUES
('NCP-KIM', 'Kimberley', 'ZAF-NCP'),
('NCP-UPI', 'Upington', 'ZAF-NCP'),
('NCP-DOU', 'Douglas', 'ZAF-NCP'),
('NCP-BAR', 'Barkly West', 'ZAF-NCP'),
('NCP-COL', 'Colesberg', 'ZAF-NCP'),
('NCP-DEA', 'De Aar', 'ZAF-NCP'),
('NCP-JAN', 'Jan Kempdorp', 'ZAF-NCP'),
('NCP-KAT', 'Kathu', 'ZAF-NCP'),
('NCP-KUR', 'Kuruman', 'ZAF-NCP'),
('NCP-POS', 'Postmasburg', 'ZAF-NCP'),
('NCP-PRI', 'Prieska', 'ZAF-NCP'),
('NCP-SPR', 'Springbok', 'ZAF-NCP'),
('NCP-VIC', 'Victoria West', 'ZAF-NCP'),
('NCP-WAR', 'Warrenton', 'ZAF-NCP'),
('NCP-CAL', 'Calvinia', 'ZAF-NCP'),
('NCP-CAR', 'Carnarvon', 'ZAF-NCP'),
('NCP-KEN', 'Kenhardt', 'ZAF-NCP'),
('NCP-ASK', 'Askham', 'ZAF-NCP'),
('NCP-AGG', 'Aggeneys', 'ZAF-NCP'),
('NCP-ALE', 'Alexander Bay', 'ZAF-NCP'),
('NCP-AUG', 'Augrabies', 'ZAF-NCP'),
('NCP-BRA', 'Brandvlei', 'ZAF-NCP'),
('NCP-BRI', 'Britstown', 'ZAF-NCP'),
('NCP-CAM', 'Campbell', 'ZAF-NCP'),
('NCP-CAR2', 'Carolusberg', 'ZAF-NCP'),
('NCP-CON', 'Concordia', 'ZAF-NCP'),
('NCP-COP', 'Copperton', 'ZAF-NCP'),
('NCP-DAN', 'Danielskuil', 'ZAF-NCP'),
('NCP-DEL', 'Delportshoop', 'ZAF-NCP'),
('NCP-DIB', 'Dibeng', 'ZAF-NCP'),
('NCP-DIN', 'Dingleton', 'ZAF-NCP'),
('NCP-EKS', 'Eksteenfontein', 'ZAF-NCP'),
('NCP-FRA', 'Fraserburg', 'ZAF-NCP'),
('NCP-GAR', 'Garies', 'ZAF-NCP'),
('NCP-GRI', 'Griekwastad', 'ZAF-NCP'),
('NCP-GRO', 'Groblershoop', 'ZAF-NCP'),
('NCP-HAN', 'Hanover', 'ZAF-NCP'),
('NCP-HOP', 'Hopetown', 'ZAF-NCP'),
('NCP-LEL', 'Leliefontein', 'ZAF-NCP'),
('NCP-LOX', 'Loxton', 'ZAF-NCP'),
('NCP-MAR', 'Marydale', 'ZAF-NCP'),
('NCP-MOT', 'Mothibistad', 'ZAF-NCP'),
('NCP-NOR', 'Norvalspont', 'ZAF-NCP'),
('NCP-NOU', 'Noupoort', 'ZAF-NCP'),
('NCP-ORA', 'Orania', 'ZAF-NCP'),
('NCP-PET', 'Petrusville', 'ZAF-NCP'),
('NCP-PHI', 'Philipstown', 'ZAF-NCP'),
('NCP-RIC', 'Richmond', 'ZAF-NCP'),
('NCP-STR', 'Strydenburg', 'ZAF-NCP'),
('NCP-VAN', 'Vanderkloof', 'ZAF-NCP'),
('NCP-VAN2', 'Van Wyksvlei', 'ZAF-NCP'),
('NCP-VOS', 'Vosburg', 'ZAF-NCP');

-- Eastern Cape
INSERT INTO address.city (CityID, CityName, RegionID) VALUES
('ECP-ADE', 'Adelaide', 'ZAF-ECP'),
('ECP-ALI', 'Alice', 'ZAF-ECP'),
('ECP-ALI2', 'Aliwal North', 'ZAF-ECP'),
('ECP-BAR', 'Barkly East', 'ZAF-ECP'),
('ECP-BET', 'Bethulie', 'ZAF-ECP'),
('ECP-BER', 'Berlin', 'ZAF-ECP'),
('ECP-BHI', 'Bhisho', 'ZAF-ECP'),
('ECP-BUR', 'Burgersdorp', 'ZAF-ECP'),
('ECP-CAL', 'Cala', 'ZAF-ECP'),
('ECP-CAT', 'Cathcart', 'ZAF-ECP'),
('ECP-CED', 'Cedarville', 'ZAF-ECP'),
('ECP-COF', 'Cofimvaba', 'ZAF-ECP'),
('ECP-DOH', 'Dohne', 'ZAF-ECP'),
('ECP-DOR', 'Dordrecht', 'ZAF-ECP'),
('ECP-EAS', 'East London', 'ZAF-ECP'),
('ECP-ELL', 'Elliot', 'ZAF-ECP'),
('ECP-ENG', 'Engcobo', 'ZAF-ECP'),
('ECP-FOR', 'Fort Beaufort', 'ZAF-ECP'),
('ECP-GON', 'Gonubie', 'ZAF-ECP'),
('ECP-HAG', 'Haga-Haga', 'ZAF-ECP'),
('ECP-HAM', 'Hamburg', 'ZAF-ECP'),
('ECP-HOG', 'Hogsback', 'ZAF-ECP'),
('ECP-HOF', 'Hofmeyr', 'ZAF-ECP'),
('ECP-IND', 'Indwe', 'ZAF-ECP'),
('ECP-JAM', 'Jamestown', 'ZAF-ECP'),
('ECP-KAT', 'Katberg', 'ZAF-ECP'),
('ECP-KEI', 'Kei Mouth', 'ZAF-ECP'),
('ECP-KEI2', 'Keiskammahoek', 'ZAF-ECP'),
('ECP-KID', 'Kidds Beach', 'ZAF-ECP'),
('ECP-KIN', 'King William''s Town', 'ZAF-ECP'),
('ECP-KOM', 'Komga', 'ZAF-ECP'),
('ECP-LAD', 'Lady Frere', 'ZAF-ECP'),
('ECP-LAD2', 'Lady Grey', 'ZAF-ECP'),
('ECP-MAC', 'Maclear', 'ZAF-ECP'),
('ECP-MDA', 'Mdantsane', 'ZAF-ECP'),
('ECP-MOL', 'Molteno', 'ZAF-ECP'),
('ECP-MOR', 'Morgan''s Bay', 'ZAF-ECP'),
('ECP-MOU', 'Mount Frere', 'ZAF-ECP'),
('ECP-OYS', 'Oyster Bay', 'ZAF-ECP'),
('ECP-PED', 'Peddie', 'ZAF-ECP'),
('ECP-QUE', 'Queenstown', 'ZAF-ECP'),
('ECP-SEY', 'Seymour', 'ZAF-ECP'),
('ECP-STE', 'Sterkspruit', 'ZAF-ECP'),
('ECP-STE2', 'Sterkstroom', 'ZAF-ECP'),
('ECP-STU', 'Stutterheim', 'ZAF-ECP'),
('ECP-TAR', 'Tarkastad', 'ZAF-ECP'),
('ECP-TSO', 'Tsomo', 'ZAF-ECP'),
('ECP-VEN', 'Venterstad', 'ZAF-ECP'),
('ECP-WHI', 'Whittlesea', 'ZAF-ECP'),
('ECP-ZWE', 'Zwelitsha', 'ZAF-ECP'),
('ECP-ABE', 'Aberdeen', 'ZAF-ECP'),
('ECP-ADD', 'Addo', 'ZAF-ECP'),
('ECP-ALE', 'Alexandria', 'ZAF-ECP'),
('ECP-BAT', 'Bathurst', 'ZAF-ECP'),
('ECP-BED', 'Bedford', 'ZAF-ECP'),
('ECP-COO', 'Cookhouse', 'ZAF-ECP'),
('ECP-CRA', 'Cradock', 'ZAF-ECP'),
('ECP-DES', 'Despatch', 'ZAF-ECP'),
('ECP-GQE', 'Gqeberha', 'ZAF-ECP'),
('ECP-GRA', 'Graaff-Reinet', 'ZAF-ECP'),
('ECP-GRA2', 'Grahamstown', 'ZAF-ECP'),
('ECP-HAN', 'Hankey', 'ZAF-ECP'),
('ECP-HUM', 'Humansdorp', 'ZAF-ECP'),
('ECP-JEF', 'Jeffreys Bay', 'ZAF-ECP'),
('ECP-JOU', 'Joubertina', 'ZAF-ECP'),
('ECP-KAR', 'Kareedouw', 'ZAF-ECP'),
('ECP-KEN', 'Kenton-on-Sea', 'ZAF-ECP'),
('ECP-KIR', 'Kirkwood', 'ZAF-ECP'),
('ECP-MID', 'Middelburg', 'ZAF-ECP'),
('ECP-NIE', 'Nieu-Bethesda', 'ZAF-ECP'),
('ECP-PAT', 'Patensie', 'ZAF-ECP'),
('ECP-PAT2', 'Paterson', 'ZAF-ECP'),
('ECP-POR', 'Port Alfred', 'ZAF-ECP'),
('ECP-SAL', 'Salem', 'ZAF-ECP'),
('ECP-SOM', 'Somerset East', 'ZAF-ECP'),
('ECP-STF', 'St Francis Bay', 'ZAF-ECP'),
('ECP-STE3', 'Steynsburg', 'ZAF-ECP'),
('ECP-STE4', 'Steytlerville', 'ZAF-ECP'),
('ECP-UIT', 'Uitenhage', 'ZAF-ECP'),
('ECP-WIL', 'Willowmore', 'ZAF-ECP'),
('ECP-BIZ', 'Bizana', 'ZAF-ECP'),
('ECP-BUT', 'Butterworth', 'ZAF-ECP'),
('ECP-CEN', 'Centane', 'ZAF-ECP'),
('ECP-CHI', 'Chintsa', 'ZAF-ECP'),
('ECP-COF2', 'Coffee Bay', 'ZAF-ECP'),
('ECP-ELL2', 'Elliotdale', 'ZAF-ECP'),
('ECP-FLA', 'Flagstaff', 'ZAF-ECP'),
('ECP-IDU', 'Idutywa', 'ZAF-ECP'),
('ECP-LIB', 'Libode', 'ZAF-ECP'),
('ECP-LUS', 'Lusikisiki', 'ZAF-ECP'),
('ECP-MAT', 'Matatiele', 'ZAF-ECP'),
('ECP-MOU2', 'Mount Fletcher', 'ZAF-ECP'),
('ECP-MOU3', 'Mount Ayliff', 'ZAF-ECP'),
('ECP-NQA', 'Nqamakwe', 'ZAF-ECP'),
('ECP-NGQ', 'Ngqeleni', 'ZAF-ECP'),
('ECP-POR2', 'Port St Johns', 'ZAF-ECP'),
('ECP-QOL', 'Qolora Mouth', 'ZAF-ECP'),
('ECP-QUM', 'Qumbu', 'ZAF-ECP'),
('ECP-TAB', 'Tabankulu', 'ZAF-ECP'),
('ECP-TSO2', 'Tsolo', 'ZAF-ECP'),
('ECP-UMT', 'Umtata', 'ZAF-ECP'),
('ECP-WIL2', 'Willowvale', 'ZAF-ECP');
